{
    "liner_regression": {
        "best_score": 0.8084810075878537,
        "best_params": {},
        "test_r2_score": 0.8023922164147663,
        "avg_best_score": 0.8060454911186188
    },
    "lasso": {
        "best_score": 0.8095975648030045,
        "best_params": {
            "alpha": 2,
            "selection": "cyclic"
        },
        "test_r2_score": 0.8014625680956536,
        "avg_best_score": 0.8063435661200642
    },
    "decision_tree": {
        "best_score": 0.7979924824641715,
        "best_params": {
            "criterion": "friedman_mse",
            "splitter": "best"
        },
        "test_r2_score": 0.9915867645165156,
        "avg_best_score": 0.8754301952851091
    }
}